experiment_id,timestamp_x,run_time,config_id,experiment_tags,simulation_type,num_of_agents,num_iterations,mio,mio_sigma,num_of_repetitions,switch_agent_rate,switch_agent_sigma,radical_exposure_eta,truncate_at,epsilon,mark_stubborn_at,display_name,status,timestamp_y,audit_every_x_iterations
5476eb6e-87e2-446a-b7f3-8bd9b0063a7e,1680931087,33,a320f1cc-2d69-4896-8fda-5739918898ca,[],REPULSIVE,100,10000,0.2,NULL,40,2.0,0.2,NULL,0.0001,0.2,0.1,Epsilon = 0.1,RunStatus.SUCCESS,1680931075669,250.0
dc6d5111-603c-4d78-ac42-c5aa959b1fdb,1680931087,39,ec673554-1780-49d6-b7d6-43b18c42fb19,[],REPULSIVE,100,10000,0.2,NULL,40,8.827586,0.2,NULL,0.0001,0.2,0.1,Epsilon = 0.1,RunStatus.SUCCESS,1680931075669,250.0
f5fcc3ba-9e68-4f6d-9a68-e769e336a024,1680931087,39,12287e05-82aa-428b-99f8-b42987a6bba4,[],REPULSIVE,100,10000,0.2,NULL,40,15.655172,0.2,NULL,0.0001,0.2,0.1,Epsilon = 0.1,RunStatus.SUCCESS,1680931075669,250.0
d0da4e0f-8f03-4c4a-958e-0874bf0fb803,1680931087,40,57e1231b-b488-4df5-93aa-105fd9cfb695,[],REPULSIVE,100,10000,0.2,NULL,40,29.310345,0.2,NULL,0.0001,0.2,0.1,Epsilon = 0.1,RunStatus.SUCCESS,1680931075669,250.0
abc6ca32-4e4c-4068-a622-1159a4130e44,1680931087,40,5956c4be-9bc1-4373-90d8-85f6d24328e6,[],REPULSIVE,100,10000,0.2,NULL,40,56.62069,0.2,NULL,0.0001,0.2,0.1,Epsilon = 0.1,RunStatus.SUCCESS,1680931075669,250.0
aa5144b7-5044-404b-b644-6af8bf0a3954,1680931087,40,034b534f-9377-48c0-ab85-ca706721e372,[],REPULSIVE,100,10000,0.2,NULL,40,70.275862,0.2,NULL,0.0001,0.2,0.1,Epsilon = 0.1,RunStatus.SUCCESS,1680931075669,250.0
4a69a107-b00d-4a14-a0bf-a8145444ed1f,1680931087,40,3a57a7a6-340e-4ce2-bc41-e946ab9492e1,[],REPULSIVE,100,10000,0.2,NULL,40,42.965517,0.2,NULL,0.0001,0.2,0.1,Epsilon = 0.1,RunStatus.SUCCESS,1680931075669,250.0
5550a73e-0a0e-4278-9193-501607107518,1680931087,40,277dedf3-29cf-4fea-afd7-2f62f7548534,[],REPULSIVE,100,10000,0.2,NULL,40,36.137931,0.2,NULL,0.0001,0.2,0.1,Epsilon = 0.1,RunStatus.SUCCESS,1680931075669,250.0
24b26a45-ec34-473a-b16a-7460116b2109,1680931087,40,235ee986-6bdc-4499-bc4b-db4ceeda20db,[],REPULSIVE,100,10000,0.2,NULL,40,22.482759,0.2,NULL,0.0001,0.2,0.1,Epsilon = 0.1,RunStatus.SUCCESS,1680931075669,250.0
f7daa0ba-dbe5-43d6-968b-ee44735eac68,1680931087,40,bda8dfff-f858-4daf-89f4-c5b3717f9a71,[],REPULSIVE,100,10000,0.2,NULL,40,77.103448,0.2,NULL,0.0001,0.2,0.1,Epsilon = 0.1,RunStatus.SUCCESS,1680931075669,250.0
87ace69b-b90e-4aea-836b-f4643e2b9384,1680931087,40,8e241c9d-f988-476a-afbc-6ea4b6fa1138,[],REPULSIVE,100,10000,0.2,NULL,40,63.448276,0.2,NULL,0.0001,0.2,0.1,Epsilon = 0.1,RunStatus.SUCCESS,1680931075669,250.0
445b092e-4f76-45d5-b4a1-028f495f8bfa,1680931087,40,e7c7425a-9988-4d67-bd65-63087f875acb,[],REPULSIVE,100,10000,0.2,NULL,40,49.793103,0.2,NULL,0.0001,0.2,0.1,Epsilon = 0.1,RunStatus.SUCCESS,1680931075669,250.0
5d5ac28c-3606-4e74-a9fc-c7a896ad1175,1680931124,46,7a4282de-21f4-473d-be8c-c2222a35e176,[],REPULSIVE,100,10000,0.2,NULL,40,83.931034,0.2,NULL,0.0001,0.2,0.1,Epsilon = 0.1,RunStatus.SUCCESS,1680931075669,250.0
301e965d-752e-4fa5-be2b-00baa01a8229,1680931129,46,193e4584-8b70-48c9-9f19-0d265ca50324,[],REPULSIVE,100,10000,0.2,NULL,40,90.758621,0.2,NULL,0.0001,0.2,0.1,Epsilon = 0.1,RunStatus.SUCCESS,1680931075669,250.0
fe8073bb-bf3c-4118-a109-199650d0b43e,1680931130,46,eaf3f6b4-b002-48ca-8685-a0ccd9a84466,[],REPULSIVE,100,10000,0.2,NULL,40,118.068966,0.2,NULL,0.0001,0.2,0.1,Epsilon = 0.1,RunStatus.SUCCESS,1680931075669,250.0
aabf414b-3297-40e4-a5ce-4a5a16e3587e,1680931130,46,04053d52-cb4e-4bef-94b8-865dfb3715d9,[],REPULSIVE,100,10000,0.2,NULL,40,111.241379,0.2,NULL,0.0001,0.2,0.1,Epsilon = 0.1,RunStatus.SUCCESS,1680931075669,250.0
3a88020a-9bf0-487a-bf06-a103e31a937e,1680931130,46,a2b78d53-209d-4f68-83ba-fd9befbb87ae,[],REPULSIVE,100,10000,0.2,NULL,40,104.413793,0.2,NULL,0.0001,0.2,0.1,Epsilon = 0.1,RunStatus.SUCCESS,1680931075669,250.0
56a4f53f-4568-45c8-b87a-18a30a5add37,1680931130,46,561d66d1-ab05-4bc3-9760-a3305e16956e,[],REPULSIVE,100,10000,0.2,NULL,40,145.37931,0.2,NULL,0.0001,0.2,0.1,Epsilon = 0.1,RunStatus.SUCCESS,1680931075669,250.0
4af2bad8-2ace-48fb-8e72-eae23daf2ff7,1680931130,46,93f69b47-557b-4cc8-9b0d-af54f00fdee4,[],REPULSIVE,100,10000,0.2,NULL,40,124.896552,0.2,NULL,0.0001,0.2,0.1,Epsilon = 0.1,RunStatus.SUCCESS,1680931075669,250.0
707def21-2c9a-4d23-bb1c-e757eb5fb41c,1680931130,46,8b779148-cf10-4a85-990e-72a45835445c,[],REPULSIVE,100,10000,0.2,NULL,40,97.586207,0.2,NULL,0.0001,0.2,0.1,Epsilon = 0.1,RunStatus.SUCCESS,1680931075669,250.0
1c68c298-a3d1-4264-9ed8-07a0bcc70fd2,1680931130,46,236f0b69-527d-48b5-9800-4e46805ad176,[],REPULSIVE,100,10000,0.2,NULL,40,131.724138,0.2,NULL,0.0001,0.2,0.1,Epsilon = 0.1,RunStatus.SUCCESS,1680931075669,250.0
8c54a1c7-554b-435b-b66c-6449abdc7673,1680931130,46,f5f195e3-f2b4-42ff-85c6-36337c173346,[],REPULSIVE,100,10000,0.2,NULL,40,138.551724,0.2,NULL,0.0001,0.2,0.1,Epsilon = 0.1,RunStatus.SUCCESS,1680931075669,250.0
29c4975b-14a5-402d-ba82-17a81a423026,1680931130,46,01407ced-15f8-4516-af37-8311b25e041e,[],REPULSIVE,100,10000,0.2,NULL,40,152.206897,0.2,NULL,0.0001,0.2,0.1,Epsilon = 0.1,RunStatus.SUCCESS,1680931075669,250.0
ab1a280b-6465-41fd-a06c-1d17124bfaad,1680931130,46,ade7989f-0fbf-4108-a767-29620a6b2eb9,[],REPULSIVE,100,10000,0.2,NULL,40,159.034483,0.2,NULL,0.0001,0.2,0.1,Epsilon = 0.1,RunStatus.SUCCESS,1680931075669,250.0
50315426-748a-44bd-8819-7e82e6c643e7,1680931179,33,9ece6f65-1aa0-4176-95f9-133c579acc1c,[],SIMILARITY,100,10000,0.2,NULL,40,2.0,0.2,NULL,0.0001,0.2,0.1,Epsilon = 0.1,RunStatus.SUCCESS,1680931075669,250.0
95e28363-c782-4883-bc75-6aa78bc61fa7,1680931172,42,bb4d17cd-704b-4f9d-b6d9-3ae74adf6167,[],REPULSIVE,100,10000,0.2,NULL,40,165.862069,0.2,NULL,0.0001,0.2,0.1,Epsilon = 0.1,RunStatus.SUCCESS,1680931075669,250.0
a3d21bcc-c66e-4e8a-b8e0-59c7a038d587,1680931179,38,1b6475b2-0fff-4ef5-8751-5115eb3058d5,[],SIMILARITY,100,10000,0.2,NULL,40,8.827586,0.2,NULL,0.0001,0.2,0.1,Epsilon = 0.1,RunStatus.SUCCESS,1680931075669,250.0
f9335c7e-bff3-40cf-9391-54e718026c1d,1680931179,39,e03d5d9f-22b6-4ffd-9f7c-bf76b08e9ca2,[],SIMILARITY,100,10000,0.2,NULL,40,15.655172,0.2,NULL,0.0001,0.2,0.1,Epsilon = 0.1,RunStatus.SUCCESS,1680931075669,250.0
00bced49-31e6-4959-bd47-1f3dcd2510cb,1680931180,39,8444dc2f-c3e4-45c6-94bb-3f5a09b15c71,[],SIMILARITY,100,10000,0.2,NULL,40,22.482759,0.2,NULL,0.0001,0.2,0.1,Epsilon = 0.1,RunStatus.SUCCESS,1680931075669,250.0
a550686a-d031-4412-a281-ebb6fef8af3c,1680931180,39,44b8f064-b56a-422a-a195-d00e09317e08,[],SIMILARITY,100,10000,0.2,NULL,40,36.137931,0.2,NULL,0.0001,0.2,0.1,Epsilon = 0.1,RunStatus.SUCCESS,1680931075669,250.0
a14bb27a-5cd8-4523-b56a-eda1e5f6348f,1680931180,40,4924e7e5-6bcb-42d5-b6ce-afe5a35d6937,[],SIMILARITY,100,10000,0.2,NULL,40,29.310345,0.2,NULL,0.0001,0.2,0.1,Epsilon = 0.1,RunStatus.SUCCESS,1680931075669,250.0
dd576fe7-287a-4c96-bee5-32b4b2a1ed27,1680931180,40,227996b4-b38d-4715-8670-f89767af8cbb,[],SIMILARITY,100,10000,0.2,NULL,40,42.965517,0.2,NULL,0.0001,0.2,0.1,Epsilon = 0.1,RunStatus.SUCCESS,1680931075669,250.0
53d32a41-e349-4de4-b20d-de5fe317e2a6,1680931178,42,3d94d13a-f89a-490e-9c4f-8074d3cf75d9,[],REPULSIVE,100,10000,0.2,NULL,40,172.689655,0.2,NULL,0.0001,0.2,0.1,Epsilon = 0.1,RunStatus.SUCCESS,1680931075669,250.0
cc83459f-4c91-4bb1-b9d6-3c04ef3fd4e9,1680931179,41,7119e69b-de64-4b4c-9334-b8d4e7b3f764,[],REPULSIVE,100,10000,0.2,NULL,40,186.344828,0.2,NULL,0.0001,0.2,0.1,Epsilon = 0.1,RunStatus.SUCCESS,1680931075669,250.0
963f54aa-176d-4425-a84b-cbc06d40d46f,1680931179,42,f389a6b7-796f-4918-bbbc-a45c4ea9e06d,[],REPULSIVE,100,10000,0.2,NULL,40,179.517241,0.2,NULL,0.0001,0.2,0.1,Epsilon = 0.1,RunStatus.SUCCESS,1680931075669,250.0
533654d0-782a-4ff7-a779-09160b9c9932,1680931179,42,d0a08170-7f66-4088-be26-582f254e67e7,[],REPULSIVE,100,10000,0.2,NULL,40,193.172414,0.2,NULL,0.0001,0.2,0.1,Epsilon = 0.1,RunStatus.SUCCESS,1680931075669,250.0
627c106f-87b2-47ac-b1cb-8f572538b22b,1680931216,42,5a2c5d00-2a1b-4eb4-9634-bba1ae99420a,[],SIMILARITY,100,10000,0.2,NULL,40,49.793103,0.2,NULL,0.0001,0.2,0.1,Epsilon = 0.1,RunStatus.SUCCESS,1680931075669,250.0
7676b8a3-670a-416a-8447-c5043e3ffbf7,1680931217,42,c7811f4e-13b4-49b3-93c0-a6b078a8b1fd,[],SIMILARITY,100,10000,0.2,NULL,40,56.62069,0.2,NULL,0.0001,0.2,0.1,Epsilon = 0.1,RunStatus.SUCCESS,1680931075669,250.0
4a726f65-5b44-479c-8356-d57fff369360,1680931221,43,7b6c2382-3e49-4a51-bceb-f5c737c1a745,[],SIMILARITY,100,10000,0.2,NULL,40,63.448276,0.2,NULL,0.0001,0.2,0.1,Epsilon = 0.1,RunStatus.SUCCESS,1680931075669,250.0
92dfcc78-9008-4490-bba3-ede85f79bbe6,1680931222,43,f67a5d73-4040-43f8-95a5-60db5932baca,[],SIMILARITY,100,10000,0.2,NULL,40,70.275862,0.2,NULL,0.0001,0.2,0.1,Epsilon = 0.1,RunStatus.SUCCESS,1680931075669,250.0
1f52708b-e970-49cc-ae11-3ebb7da6092c,1680931223,43,f247ad2b-98c9-4ae7-90d8-5a9558556f28,[],SIMILARITY,100,10000,0.2,NULL,40,77.103448,0.2,NULL,0.0001,0.2,0.1,Epsilon = 0.1,RunStatus.SUCCESS,1680931075669,250.0
e4f7ba39-2434-4255-bce3-b4031a3db2be,1680931223,43,7217615d-7dcf-4b21-8d0e-895534cb894c,[],SIMILARITY,100,10000,0.2,NULL,40,90.758621,0.2,NULL,0.0001,0.2,0.1,Epsilon = 0.1,RunStatus.SUCCESS,1680931075669,250.0
51acff83-519f-44f6-ac74-e66e85eae9a7,1680931223,43,b3b856bc-b7f0-473f-9650-2506e81b23bf,[],SIMILARITY,100,10000,0.2,NULL,40,83.931034,0.2,NULL,0.0001,0.2,0.1,Epsilon = 0.1,RunStatus.SUCCESS,1680931075669,250.0
cf62b047-0db2-4c9c-a00f-1b37f29e2443,1680931224,43,1911c6da-d136-4c1a-ab95-5ef323a01526,[],SIMILARITY,100,10000,0.2,NULL,40,97.586207,0.2,NULL,0.0001,0.2,0.1,Epsilon = 0.1,RunStatus.SUCCESS,1680931075669,250.0
671dc94b-66e9-4f27-a12f-c976590b1ec5,1680931224,43,48caad5f-f023-4e3f-ae2b-fec5e54bb928,[],SIMILARITY,100,10000,0.2,NULL,40,111.241379,0.2,NULL,0.0001,0.2,0.1,Epsilon = 0.1,RunStatus.SUCCESS,1680931075669,250.0
70e3b6fc-0571-4b48-a424-cbf29da2a13a,1680931224,43,c0ff80d4-5ba7-493a-992d-471dd7807b9e,[],SIMILARITY,100,10000,0.2,NULL,40,104.413793,0.2,NULL,0.0001,0.2,0.1,Epsilon = 0.1,RunStatus.SUCCESS,1680931075669,250.0
596b5663-f563-4c4c-9290-5a1f50f18b69,1680931225,43,b74c1518-46ef-4e6c-9532-aeb1de6af8af,[],SIMILARITY,100,10000,0.2,NULL,40,118.068966,0.2,NULL,0.0001,0.2,0.1,Epsilon = 0.1,RunStatus.SUCCESS,1680931075669,250.0
122966bf-fb1f-40cc-af10-ee42b7b05a64,1680931225,43,8ce8c46a-f9f8-4bb6-ad93-e361fbffd7ff,[],SIMILARITY,100,10000,0.2,NULL,40,124.896552,0.2,NULL,0.0001,0.2,0.1,Epsilon = 0.1,RunStatus.SUCCESS,1680931075669,250.0
15a6d829-1447-4afb-a55b-46d953d7685d,1680931261,37,8fc74b13-7474-4bff-aab7-64c611154eea,[],SIMILARITY,100,10000,0.2,NULL,40,131.724138,0.2,NULL,0.0001,0.2,0.1,Epsilon = 0.1,RunStatus.SUCCESS,1680931075669,250.0
27564ffc-919f-4ae8-8039-89d1f04e716f,1680931262,37,e8f6879f-173b-4b19-a23b-1fbbc9915c10,[],SIMILARITY,100,10000,0.2,NULL,40,138.551724,0.2,NULL,0.0001,0.2,0.1,Epsilon = 0.1,RunStatus.SUCCESS,1680931075669,250.0
e9993fa1-ec12-4d96-b9be-47c7297f51dd,1680931268,36,c805ae97-4d3f-45f8-afb9-8b20a94767b2,[],SIMILARITY,100,10000,0.2,NULL,40,145.37931,0.2,NULL,0.0001,0.2,0.1,Epsilon = 0.1,RunStatus.SUCCESS,1680931075669,250.0
1f71c5d4-0c1a-49b8-bbd5-eb9279922cf8,1680931269,35,673a14b0-84e0-46a0-b509-d77d6c5abb0b,[],SIMILARITY,100,10000,0.2,NULL,40,152.206897,0.2,NULL,0.0001,0.2,0.1,Epsilon = 0.1,RunStatus.SUCCESS,1680931075669,250.0
8d502ed6-6f68-45d9-8ac9-8184d558810f,1680931269,35,206e5026-6579-48f6-b40a-f8f864e2f81e,[],SIMILARITY,100,10000,0.2,NULL,40,159.034483,0.2,NULL,0.0001,0.2,0.1,Epsilon = 0.1,RunStatus.SUCCESS,1680931075669,250.0
c6f4240a-9bf0-4af1-8cb6-9f4bed9e6476,1680931270,34,254fc783-0e54-4df6-9003-f66068d53624,[],SIMILARITY,100,10000,0.2,NULL,40,179.517241,0.2,NULL,0.0001,0.2,0.1,Epsilon = 0.1,RunStatus.SUCCESS,1680931075669,250.0
da3dc5fd-9a45-4c28-8cd8-f662c18b3bae,1680931271,34,4a2010e6-3056-49fd-b1e1-49eed6cb2d84,[],SIMILARITY,100,10000,0.2,NULL,40,186.344828,0.2,NULL,0.0001,0.2,0.1,Epsilon = 0.1,RunStatus.SUCCESS,1680931075669,250.0
409ea79a-9ec8-444e-8f7a-3aca8d5c058f,1680931270,35,ba125b52-ac6c-4377-bf41-abe1880070cd,[],SIMILARITY,100,10000,0.2,NULL,40,165.862069,0.2,NULL,0.0001,0.2,0.1,Epsilon = 0.1,RunStatus.SUCCESS,1680931075669,250.0
8fa11bd6-9a30-45d6-a827-b3dcd37325db,1680931270,35,20aec724-811e-4798-b996-ce5c19b493a3,[],SIMILARITY,100,10000,0.2,NULL,40,172.689655,0.2,NULL,0.0001,0.2,0.1,Epsilon = 0.1,RunStatus.SUCCESS,1680931075669,250.0
c04ee17e-c812-43a9-93d3-20e2acb298b1,1680931271,34,d1386522-7387-49da-989a-42a6807edbbf,[],SIMILARITY,100,10000,0.2,NULL,40,193.172414,0.2,NULL,0.0001,0.2,0.1,Epsilon = 0.1,RunStatus.SUCCESS,1680931075669,250.0
